achievementDownwardMobilityI,"CgkIlvbN0YYPEAIQQQ"
achievementDownwardMobilityII,"CgkIlvbN0YYPEAIQQg"
achievementDownwardMobilityIII,"CgkIlvbN0YYPEAIQTQ"
achievementUnicorn,"CgkIlvbN0YYPEAIQIg"
achievementGravityWins,"CgkIlvbN0YYPEAIQUQ"
achievementSolidMiscalculation,"CgkIlvbN0YYPEAIQPw"
achievementFullyDressed,"CgkIlvbN0YYPEAIQSQ"
achievementNakedAmbition,"CgkIlvbN0YYPEAIQMw"
achievementTeetotaler,"CgkIlvbN0YYPEAIQLg"
achievementReadTheLabel,"CgkIlvbN0YYPEAIQGw"
achievementHumanError,"CgkIlvbN0YYPEAIQUA"
achievementElfPreservation,"CgkIlvbN0YYPEAIQCg"
achievementDwarfingExpectations,"CgkIlvbN0YYPEAIQFA"
achievementWilmsryLovesCompany,"CgkIlvbN0YYPEAIQDQ"
achievementFridgeBenefits,"CgkIlvbN0YYPEAIQJQ"
achievementTrollModel,"CgkIlvbN0YYPEAIQRw"
achievementPowerUser,"CgkIlvbN0YYPEAIQNQ"
achievementFightingChance,"CgkIlvbN0YYPEAIQOQ"
achievementHonourAmongThieves,"CgkIlvbN0YYPEAIQMA"
achievementTourist,"CgkIlvbN0YYPEAIQEA"
achievementSurvivorI,"CgkIlvbN0YYPEAIQPg"
achievementSurvivorII,"CgkIlvbN0YYPEAIQUw"
achievementSurvivorIII,"CgkIlvbN0YYPEAIQDw"
achievementSurvivorIV,"CgkIlvbN0YYPEAIQPQ"
achievementEmptyCalories,"CgkIlvbN0YYPEAIQNA"
achievementHoarderI,"CgkIlvbN0YYPEAIQKA"
achievementHoarderII,"CgkIlvbN0YYPEAIQJg"
achievementHoarderIII,"CgkIlvbN0YYPEAIQVA"
achievementHoarderIV,"CgkIlvbN0YYPEAIQGg"
achievementStillStandingI,"CgkIlvbN0YYPEAIQCQ"
achievementStillStandingII,"CgkIlvbN0YYPEAIQEQ"
achievementStillStandingIII,"CgkIlvbN0YYPEAIQQw"
achievementStillStandingIV,"CgkIlvbN0YYPEAIQQA"
achievementFatalMisstep,"CgkIlvbN0YYPEAIQNw"
achievementPartyAnimalI,"CgkIlvbN0YYPEAIQKw"
achievementPartyAnimalII,"CgkIlvbN0YYPEAIQFg"
achievementPartyAnimalIII,"CgkIlvbN0YYPEAIQOw"
achievementPartyAnimalIV,"CgkIlvbN0YYPEAIQDg"
achievementHumanShieldsI,"CgkIlvbN0YYPEAIQNg"
achievementHumanShieldsII,"CgkIlvbN0YYPEAIQTg"
achievementHumanShieldsIII,"CgkIlvbN0YYPEAIQTw"
achievementHumanShieldsIV,"CgkIlvbN0YYPEAIQRA"
achievementSilverTongueI,"CgkIlvbN0YYPEAIQSA"
achievementSilverTongueII,"CgkIlvbN0YYPEAIQIQ"
achievementSilverTongueIII,"CgkIlvbN0YYPEAIQCw"
achievementSilverTongueIV,"CgkIlvbN0YYPEAIQJw"
achievementChicken,"CgkIlvbN0YYPEAIQLQ"
achievementBodyCountBeastsI,"CgkIlvbN0YYPEAIQDA"
achievementBodyCountBeastsII,"CgkIlvbN0YYPEAIQMQ"
achievementBodyCountBeastsIII,"CgkIlvbN0YYPEAIQGQ"
achievementBodyCountBeastsIV,"CgkIlvbN0YYPEAIQVQ"
achievementBodyCountDemonsI,"CgkIlvbN0YYPEAIQFQ"
achievementBodyCountDemonsII,"CgkIlvbN0YYPEAIQHw"
achievementBodyCountDemonsIII,"CgkIlvbN0YYPEAIQOg"
achievementBodyCountDemonsIV,"CgkIlvbN0YYPEAIQHA"
achievementBodyCountHumansI,"CgkIlvbN0YYPEAIQSg"
achievementBodyCountHumansII,"CgkIlvbN0YYPEAIQIA"
achievementBodyCountHumansIII,"CgkIlvbN0YYPEAIQIw"
achievementBodyCountHumansIV,"CgkIlvbN0YYPEAIQLA"
achievementBodyCountLairBeastsI,"CgkIlvbN0YYPEAIQSw"
achievementBodyCountLairBeastsII,"CgkIlvbN0YYPEAIQGA"
achievementBodyCountLairBeastsIII,"CgkIlvbN0YYPEAIQMg"
achievementBodyCountLairBeastsIV,"CgkIlvbN0YYPEAIQEg"
achievementBodyCountMagicalI,"CgkIlvbN0YYPEAIQJA"
achievementBodyCountMagicalII,"CgkIlvbN0YYPEAIQKQ"
achievementBodyCountMagicalIII,"CgkIlvbN0YYPEAIQHQ"
achievementBodyCountMagicalIV,"CgkIlvbN0YYPEAIQLw"
achievementBodyCountWalkingDeadI,"CgkIlvbN0YYPEAIQHg"
achievementBodyCountWalkingDeadII,"CgkIlvbN0YYPEAIQRg"
achievementBodyCountWalkingDeadIII,"CgkIlvbN0YYPEAIQKg"
achievementBodyCountWalkingDeadIV,"CgkIlvbN0YYPEAIQOA"
achievementFrequentFlierI,"CgkIlvbN0YYPEAIQPA"
achievementFrequentFlierII,"CgkIlvbN0YYPEAIQEw"
achievementFrequentFlierIII,"CgkIlvbN0YYPEAIQTA"
achievementFrequentFlierIV,"CgkIlvbN0YYPEAIQFw"
achievementTerminalCondition,"CgkIlvbN0YYPEAIQRQ"
achievementSpecialSnowflake,"CgkIlvbN0YYPEAIQUg"
leaderboardDEEPESTSeason1,"CgkIlvbN0YYPEAIQAg"
leaderboardLEANESTSeason1,"CgkIlvbN0YYPEAIQAw"
leaderboardLONGESTSeason1,"CgkIlvbN0YYPEAIQBA"
leaderboardBUTCHERYSeason1,"CgkIlvbN0YYPEAIQBQ"
leaderboardPURSESeason1,"CgkIlvbN0YYPEAIQBg"